{ "items": [{ "id": 1, "label": "姓名", "type": "input", "parent_name": null }, { "id": 3, "label": "电话", "type": "input", "parent_name": null }, { "id": 5, "label": "性别", "type": "radio", "parent_name": null }, { "id": 8, "label": "投诉方式", "type": "select", "parent_name": null }, { "id": 12, "label": "上传图片附件", "type": "uploads", "parent_name": null }, { "id": 14, "label": "案件资料是否收齐", "type": "select", "parent_name": null }, { "id": 17, "label": "标识缺少的资料", "type": "input", "parent_name": "is_case" }, { "id": 19, "label": "地址", "type": "address", "parent_name": null }], "status": "success", "code": 200 }
